Book title,Author of the book,Link to the book
Book title,Author of the book,Link to the book
Легенда про вічне життя,Іван Франко,https://knigogo.com.ua/knigi/legenda-pro-vichne-zhyttya/
Перехресні стежки,Іван Франко,https://knigogo.com.ua/knigi/perehresni-stezhky/
Старосвітські батюшки та...,Іван Нечуй-Левицький,https://knigogo.com.ua/knigi/starosvitski-batyushky-ta-matushky/
Кассандра,Леся Українка,https://knigogo.com.ua/knigi/kassandra/
Чарлі і шоколадна фабрика,Роальд Даль,https://knigogo.com.ua/knigi/charli-i-shokoladna-fabryka/
Пархімове снідання,Григорій Квітка-Основ’яненко,https://knigogo.com.ua/knigi/parhimove-snidannya/
Хазяїн,Іван Карпенко-Карий,https://knigogo.com.ua/knigi/hazyayin/
Вибрані новели,Василь Стефаник,https://knigogo.com.ua/knigi/vybrani-novely/
Intermezzo (Інтермецо),Михайло Коцюбинський,https://knigogo.com.ua/knigi/intermezzo/
Завдання Героїв,Морган Райс,https://knigogo.com.ua/knigi/zavdannya-geroyiv/
Бояриня,Леся Українка,https://knigogo.com.ua/knigi/boyarynya/
Сліпий музикант,Володимир Короленко,https://knigogo.com.ua/knigi/slipyj-muzykant/
Гетьман Іван Виговський,Іван Нечуй-Левицький,https://knigogo.com.ua/knigi/getman-ivan-vygovskyj/
Маруся,Григорій Квітка-Основ’яненко,https://knigogo.com.ua/knigi/marusya-kvitka-osnovyanenko/
Циган,Пантелеймон Куліш,https://knigogo.com.ua/knigi/tsygan/
За двома зайцями,Михайло Петрович Старицький,https://knigogo.com.ua/knigi/za-dvoma-zajtsyamy/
Макбет,Вільям Шекспір,https://knigogo.com.ua/knigi/makbet/
Дві московки,Іван Нечуй-Левицький,https://knigogo.com.ua/knigi/dvi-moskovky/
Кіт у чоботях,Микола Хвильовий,https://knigogo.com.ua/knigi/kit-u-chobotyah/
Салдацький патрет,Григорій Квітка-Основ’яненко,https://knigogo.com.ua/knigi/saldatskyj-patret/
Маруся Богуславка,Пантелеймон Куліш,https://knigogo.com.ua/knigi/marusya-boguslavka/
Хмари,Іван Нечуй-Левицький,https://knigogo.com.ua/knigi/hmary/
Сестра,Марко Вовчок,https://knigogo.com.ua/knigi/sestra/
В дорозі,Михайло Коцюбинський,https://knigogo.com.ua/knigi/v-dorozi/
"Митькозавр із Юрківки, а...",Ярослав Стельмах,https://knigogo.com.ua/knigi/mytkozavr-iz-yurkivky/
Магомет і Хадиза,Пантелеймон Куліш,https://knigogo.com.ua/knigi/magomet-i-hadyza/
Князь Єремія Вишневецький,Іван Нечуй-Левицький,https://knigogo.com.ua/knigi/knyaz-yeremiya-vyshnevetskyj/
Жага до життя,Джек Лондон,https://knigogo.com.ua/knigi/zhaga-do-zhyttya/
Повість про санаторійну ...,Микола Хвильовий,https://knigogo.com.ua/knigi/povist-pro-sanatorijnu-zonu/
Федько-халамидник,Володимир Винниченко,https://knigogo.com.ua/knigi/fedko-halamydnyk/
На полі крові,Леся Українка,https://knigogo.com.ua/knigi/na-poli-krovi/
Безталанна,Іван Карпенко-Карий,https://knigogo.com.ua/knigi/beztalanna/
Усмішка,Рей Бредбері,https://knigogo.com.ua/knigi/usmishka-bredberi/
Маленький грішник,Михайло Коцюбинський,https://knigogo.com.ua/knigi/malenkyj-grishnyk/
Вальдшнепи,Микола Хвильовий,https://knigogo.com.ua/knigi/valdshnepy/
Без пуття,Іван Нечуй-Левицький,https://knigogo.com.ua/knigi/bez-puttya/
Скорочено Пістрява стрічка,Артур Конан Дойл,https://knigogo.com.ua/knigi/skorocheno-pistryava-strichka/
Твої листи завжди пахнут...,Леся Українка,https://knigogo.com.ua/knigi/tvoyi-lysty-zavzhdy-pahnut-zov-yalymy-troyandamy/
Афонський пройдисвіт,Іван Нечуй-Левицький,https://knigogo.com.ua/knigi/afonskyj-projdysvit/
Із секретів поетичної тв...,Іван Франко,https://knigogo.com.ua/knigi/iz-sekretiv-poetychnoyi-tvorchosti/
Камо грядеши,Микола Хвильовий,https://knigogo.com.ua/knigi/kamo-gryadeshy/
Аліса в Країні Чудес,Льюїс Керрол,https://knigogo.com.ua/knigi/alisa-v-krayini-chudes/
Облога Бушi,Михайло Петрович Старицький,https://knigogo.com.ua/knigi/obloga-bushi/
Зачароване місце,Микола Гоголь,https://knigogo.com.ua/knigi/zacharovane-mistse/
Моє серце в верховині,Роберт Бернс,https://knigogo.com.ua/knigi/moye-sertse-v-verhovyni/
Чортова пригода,Марко Вовчок,https://knigogo.com.ua/knigi/chortova-prygoda/
До Основ’яненка,Тарас Шевченко,https://knigogo.com.ua/knigi/do-osnov-yanenka/
Одержима,Леся Українка,https://knigogo.com.ua/knigi/oderzhyma/
Відгуки,Леся Українка,https://knigogo.com.ua/knigi/vidguky/
Вечорниці на хуторі під ...,Микола Гоголь,https://knigogo.com.ua/knigi/vechornytsi-na-hutori-pid-dykankoyu/
Гордовита пара,Пантелеймон Куліш,https://knigogo.com.ua/knigi/gordovyta-para/
"І мертвим, і живим, і не...",Тарас Шевченко,https://knigogo.com.ua/knigi/i-mertvym-i-zhyvym-i-nenarozhdennym/
"Дай серцеві волю, заведе...",Марко Лукич Кропивницький,https://knigogo.com.ua/knigi/daj-sertsevi-volyu-zavede-v-nevolyu/
Гер переможений,Любов Пономаренко,https://knigogo.com.ua/knigi/ger-peremozhenyj/
"Міо, мій Міо",Астрід Ліндгрен,https://knigogo.com.ua/knigi/mio-mij-mio/
Дивак,Григір Тютюнник,https://knigogo.com.ua/knigi/dyvak/
Причепа,Іван Нечуй-Левицький,https://knigogo.com.ua/knigi/prychepa/
Руфін і Прісцілла,Леся Українка,https://knigogo.com.ua/knigi/rufin-i-pristsilla/
Скорочено Кава з кардамоном,Йоанна Ягелло,https://knigogo.com.ua/knigi/skorocheno-kava-z-kardamonom/
ЛІЛЮЛІ,Микола Хвильовий,https://knigogo.com.ua/knigi/lilyuli/
Тарас Бульба,Микола Гоголь,https://knigogo.com.ua/knigi/taras-bulba/
Три вірша,Леся Українка,https://knigogo.com.ua/knigi/try-virsha/
Valse melancolique (Мела...,Ольга Кобилянська,https://knigogo.com.ua/knigi/valse-melancolique/
По ревізії,Марко Лукич Кропивницький,https://knigogo.com.ua/knigi/po-reviziyi/
Рідне слово,Пантелеймон Куліш,https://knigogo.com.ua/knigi/ridne-slovo/
Три долi,Марко Вовчок,https://knigogo.com.ua/knigi/try-doli/
Лялечка,Михайло Коцюбинський,https://knigogo.com.ua/knigi/lyalechka/
Ледащиця,Марко Вовчок,https://knigogo.com.ua/knigi/ledashhytsya/
З глибини,Михайло Коцюбинський,https://knigogo.com.ua/knigi/z-glybyny/
Наймичка,Тарас Шевченко,https://knigogo.com.ua/knigi/najmychka-shevchenko/
На дні,Іван Франко,https://knigogo.com.ua/knigi/na-dni/
Фах,Айзек Азімов,https://knigogo.com.ua/knigi/fah/
Ілля Муромець і Соловей-...,No author,https://knigogo.com.ua/knigi/illya-muromets-i-solovej-rozbijnyk/
Скорочено Буба: мертвий ...,Барбара Космовська,https://knigogo.com.ua/knigi/skorocheno-buba-mertvyj-sezon/
Попелюшка,Шарль Перро,https://knigogo.com.ua/knigi/popelyushka/
Роковий український ярмарок,Іван Нечуй-Левицький,https://knigogo.com.ua/knigi/rokovyj-ukrayinskyj-yarmarok/
Зів’яле листя,Іван Франко,https://knigogo.com.ua/knigi/ziv-yale-lystya/
Поезії поза збірками,Леся Українка,https://knigogo.com.ua/knigi/poeziyi-poza-zbirkamy/
Апокаліпсична картина в ...,Іван Нечуй-Левицький,https://knigogo.com.ua/knigi/apokalipsychna-kartyna-v-kyyevi/
Декадент,Іван Франко,https://knigogo.com.ua/knigi/dekadent/
Сторонній,Альбер Камю,https://knigogo.com.ua/knigi/storonnij/
Водограй,Володимир Івасюк,https://knigogo.com.ua/knigi/vodograj/
Підкова,Ірина Жиленко,https://knigogo.com.ua/knigi/pidkova/
Скорочено Тарас Бульба,Микола Гоголь,https://knigogo.com.ua/knigi/skorocheno-taras-bulba/
Скорочено Три товариші,Еріх Марія Ремарк,https://knigogo.com.ua/knigi/skorocheno-try-tovaryshi/
Звук павутинки,Віктор Близнець,https://knigogo.com.ua/knigi/zvuk-pavutynky/
Скорочено Хіба ревуть во...,Панас Мирний,https://knigogo.com.ua/knigi/hiba-revut-voly-skorocheno/
Пісня про віщого Олега,Олександр Пушкін,https://knigogo.com.ua/knigi/pisnya-pro-vishhogo-olega/
Маскарад,Михайло Лермонтов,https://knigogo.com.ua/knigi/maskarad/
Дитинство,Лев Толстой,https://knigogo.com.ua/knigi/dytynstvo/
Телефон,Корній Чуковський,https://knigogo.com.ua/knigi/telefon/
Лист матері,Сергій Єсенін,https://knigogo.com.ua/knigi/lyst-materi/
Скорочено Руслан і Людмила,Олександр Пушкін,https://knigogo.com.ua/knigi/skorocheno-ruslan-i-lyudmyla/
Герострат,Володимир Самійленко,https://knigogo.com.ua/knigi/gerostrat/
Анчар,Олександр Пушкін,https://knigogo.com.ua/knigi/anchar/
"До побачення, хлопчики",Булат Окуджава,https://knigogo.com.ua/knigi/do-pobachennya-hlopchyky/
Елегія,Олександр Пушкін,https://knigogo.com.ua/knigi/elegiya/
Вовк та семеро козенят,Брати (Якоб і Вільгельм) Грімм,https://knigogo.com.ua/knigi/vovk-ta-semero-kozenyat/
Вовк і Ягня,Езоп,https://knigogo.com.ua/knigi/vovk-i-yagnya/
Чиж та Голуб,Леонід Глібов,https://knigogo.com.ua/knigi/chyzh-ta-golub/
Коли настав чудовий май,No author,https://knigogo.com.ua/knigi/koly-nastav-chudovyj-maj/
Скорочено Євгеній Онєгін,Олександр Пушкін,https://knigogo.com.ua/knigi/skorocheno-yevgenij-onyegin/
Ізольда білорука,Леся Українка,https://knigogo.com.ua/knigi/izolda-biloruka/
Жовтий туман,Олександр Волков,https://knigogo.com.ua/knigi/zhovtyj-tuman/
Послухайте!,Володимир Маяковський,https://knigogo.com.ua/knigi/posluhajte/
Маруся Чурай,Ліна Костенко,https://knigogo.com.ua/knigi/marusya-churaj/
Маска,Антон Чехов,https://knigogo.com.ua/knigi/maska-chehov/
Голова професора Доуеля,Олександр Бєляєв,https://knigogo.com.ua/knigi/golova-profesora-douelya/
Муза,Анна Ахматова,https://knigogo.com.ua/knigi/muza/
Пісня про друга,Володимир Висоцький,https://knigogo.com.ua/knigi/pisnya-pro-druga/
Сіроокий король,Анна Ахматова,https://knigogo.com.ua/knigi/sirookyj-korol/
Механічний апельсин,Ентоні Берджес,https://knigogo.com.ua/knigi/mehanichnyj-apelsyn/
Заступила чорна хмара,Тарас Шевченко,https://knigogo.com.ua/knigi/zastupyla-chorna-hmara/
Скорочено Гаррi Поттер i...,Джоан Роулінг,https://knigogo.com.ua/knigi/skorocheno-garri-potter-i-filosofskyj-kamin/
Швачка,Тарас Шевченко,https://knigogo.com.ua/knigi/shvachka/
У перетику ходила,Тарас Шевченко,https://knigogo.com.ua/knigi/u-peretyku-hodyla/
Вакханки,Евріпід,https://knigogo.com.ua/knigi/vakhanky/
"Бандуристе, орле сизий",Тарас Шевченко,https://knigogo.com.ua/knigi/banduryste-orle-syzyj/
"Якби-то ти, Богдане п’яний",Тарас Шевченко,https://knigogo.com.ua/knigi/yakby-to-ty-bogdane-p-yanyj/
"Я не нездужаю, нівроку",Тарас Шевченко,https://knigogo.com.ua/knigi/ya-ne-nezduzhayu-nivroku/
Що таке поступ?,Іван Франко,https://knigogo.com.ua/knigi/shho-take-postup/
"Заповіт (Як умру, то пох...",Тарас Шевченко,https://knigogo.com.ua/knigi/zapovit/
Таємне Товариство Боягуз...,Леся Воронина,https://knigogo.com.ua/knigi/tayemne-tovarystvo-boyaguziv/
Лис Микита,Іван Франко,https://knigogo.com.ua/knigi/lys-mykyta/
Виклик,Михайло Петрович Старицький,https://knigogo.com.ua/knigi/vyklyk/
Скорочено Джим Ґудзик і ...,Міхаель Енде,https://knigogo.com.ua/knigi/skorocheno-dzhym-gudzyk-i-mashynist-lukas/
Айвенго,Вальтер Скотт,https://knigogo.com.ua/knigi/ajvengo/
Абу-Касимові капці,Іван Франко,https://knigogo.com.ua/knigi/abu-kasymovi-kaptsi/
В катакомбах,Леся Українка,https://knigogo.com.ua/knigi/v-katakombah/
Дванадцять місяців (12 м...,Самуїл Маршак,https://knigogo.com.ua/knigi/12-misyatsiv/
Борислав сміється,Іван Франко,https://knigogo.com.ua/knigi/boryslav-smiyetsya/
Тарасова ніч,Тарас Шевченко,https://knigogo.com.ua/knigi/tarasova-nich/
Вірші,Леонід Глібов,https://knigogo.com.ua/knigi/virshi/
Січові гості,Пантелеймон Куліш,https://knigogo.com.ua/knigi/sichovi-gosti/
Біда бабі Палажці Солов&...,Іван Нечуй-Левицький,https://knigogo.com.ua/knigi/bida-babi-palazhtsi-solov-yisi/
З вершин і низин,Іван Франко,https://knigogo.com.ua/knigi/z-vershyn-i-nyzyn/
Максим Гримач,Марко Вовчок,https://knigogo.com.ua/knigi/maksym-grymach/
"Де зерно, там і полова",Марко Лукич Кропивницький,https://knigogo.com.ua/knigi/de-zerno-tam-i-polova/
На крилах пісень,Леся Українка,https://knigogo.com.ua/knigi/na-krylah-pisen/
Великі проводи,Пантелеймон Куліш,https://knigogo.com.ua/knigi/velyki-provody/
Дорога й ластівка,Микола Хвильовий,https://knigogo.com.ua/knigi/doroga-j-lastivka/
Лось,Євген Гуцало,https://knigogo.com.ua/knigi/los/
Коні не винні,Михайло Коцюбинський,https://knigogo.com.ua/knigi/koni-ne-vynni/
В путах Шайтана,Михайло Коцюбинський,https://knigogo.com.ua/knigi/v-putah-shajtana/
Троє схотінок,Пантелеймон Куліш,https://knigogo.com.ua/knigi/troye-shotinok/
Оповiдання (збірник),Марко Вовчок,https://knigogo.com.ua/knigi/opovidannya-zbirnyk/
Із літ моєї молодості,Іван Франко,https://knigogo.com.ua/knigi/iz-lit-moyeyi-molodosti/
Загадки,Леонід Глібов,https://knigogo.com.ua/knigi/zagadky/
Куліш у пеклі,Пантелеймон Куліш,https://knigogo.com.ua/knigi/kulish-u-pekli/
На кожум’яках,Іван Нечуй-Левицький,https://knigogo.com.ua/knigi/na-kozhum-yakah/
Повість минулих літ,Нестор Літописець,https://knigogo.com.ua/knigi/povist-mynulyh-lit/
Ніч на Дніпрі,Іван Нечуй-Левицький,https://knigogo.com.ua/knigi/nich-na-dnipri/
Заворожена криниця,Пантелеймон Куліш,https://knigogo.com.ua/knigi/zavorozhena-krynytsya/
"Глитай, або ж Павук",Марко Лукич Кропивницький,https://knigogo.com.ua/knigi/glytaj-abo-zh-pavuk/
Ой у лузі червона калина...,Степан Чарнецький,https://knigogo.com.ua/knigi/oj-u-luzi-chervona-kalyna-pohylylasya/
Дон Жуан,Пантелеймон Куліш,https://knigogo.com.ua/knigi/don-zhuan/
Пісні про волю,Леся Українка,https://knigogo.com.ua/knigi/pisni-pro-volyu/
Комета прилітає,Туве Янссон,https://knigogo.com.ua/knigi/kometa-prylitaye/
Скорочено Чарівна крамниця,Герберт Уеллс,https://knigogo.com.ua/knigi/skorocheno-charivna-kramnytsya/
Невільничка,Марко Вовчок,https://knigogo.com.ua/knigi/nevilnychka/
"Чому, сказати, й сам не ...",Андрій Малишко,https://knigogo.com.ua/knigi/chomu-skazaty-j-sam-ne-znayu/
Мурашки й Цикада,Езоп,https://knigogo.com.ua/knigi/murashky-j-tsykada/
Чарівник Смарагдового міста,Олександр Волков,https://knigogo.com.ua/knigi/charivnyk-smaragdovogo-mista/
Мауглі,Редьярд Кіплінг,https://knigogo.com.ua/knigi/maugli/
За сонцем хмаронька пливе,Тарас Шевченко,https://knigogo.com.ua/knigi/za-sontsem-hmaronka-plyve/
Дим,Ігор Калинець,https://knigogo.com.ua/knigi/dym-igor-kalinets/
Скорочено Війна і мир,Лев Толстой,https://knigogo.com.ua/knigi/skorocheno-vijna-i-myr/
Іван Підкова,Тарас Шевченко,https://knigogo.com.ua/knigi/ivan-pidkova/
Пані Метелиця,Брати (Якоб і Вільгельм) Грімм,https://knigogo.com.ua/knigi/pani-metelytsya/
Андріївський узвіз,Володимир Діброва,https://knigogo.com.ua/knigi/andriyivskyj-uzviz/
Лоліта,Володимир Набоков,https://knigogo.com.ua/knigi/lolita/
Скорочено П’ятнадц...,Жуль Верн,https://knigogo.com.ua/knigi/skorocheno-pyatnadtsyatyrichnyj-kapitan/
Лисиця і виноград,Езоп,https://knigogo.com.ua/knigi/lysytsya-i-vynograd/
Скорочено Дари волхвів,О. Генрі,https://knigogo.com.ua/knigi/skorocheno-dary-volhviv/
Якщо,Редьярд Кіплінг,https://knigogo.com.ua/knigi/yakshho/
"Ой ти, дівчино, з горіха...",Іван Франко,https://knigogo.com.ua/knigi/oj-ty-divchyno-z-goriha-zernya/
Любіть Україну,Володимир Сосюра,https://knigogo.com.ua/knigi/lyubit-ukrayinu/
Все літо в один день,Рей Бредбері,https://knigogo.com.ua/knigi/vse-lito-v-odyn-den/
Мартін Іден,Джек Лондон,https://knigogo.com.ua/knigi/martin-iden/
Скорочено Тигролови,Іван Багряний,https://knigogo.com.ua/knigi/skorocheno-tygrolovy/
Незнайко в Сонячному місті,Микола Носов,https://knigogo.com.ua/knigi/neznajko-v-sonyachnomu-misti/
Стежечка,Ігор Калинець,https://knigogo.com.ua/knigi/stezhechka/
"Слово, чому ти не тверда...",Леся Українка,https://knigogo.com.ua/knigi/slovo-chomu-ty-ne-tverdaya-krytsya/
Лобо – володар Курумпо,Ернест Сетон-Томпсон,https://knigogo.com.ua/knigi/lobo-volodar-kurumpo/
Мертві душі,Микола Гоголь,https://knigogo.com.ua/knigi/mertvi-dushi/
"Ти знаєш, що ти — людина",Василь Симоненко,https://knigogo.com.ua/knigi/ty-znayesh-shho-ty-lyudyna/
Троє поросят,С.Міхалков,https://knigogo.com.ua/knigi/troye-porosyat/
Кавказ,Тарас Шевченко,https://knigogo.com.ua/knigi/kavkaz/
Пісня над піснями,Шолом-Алейхем,https://knigogo.com.ua/knigi/pisnya-nad-pisnyamy/
Веселка,Ігор Калинець,https://knigogo.com.ua/knigi/veselka/
Товстий і тонкий,Антон Чехов,https://knigogo.com.ua/knigi/tovstyj-i-tonkyj/
Дівчина з ведмедиком,Віктор Петров (Домонтович),https://knigogo.com.ua/knigi/divchyna-z-vedmedykom/
Війна і мир,Лев Толстой,https://knigogo.com.ua/knigi/vijna-i-myr/
Майстер і Маргарита,Михайло Булгаков,https://knigogo.com.ua/knigi/majster-i-margaryta/
Хатина дядька Тома,Гаррієт Бічер-Стоу,https://knigogo.com.ua/knigi/hatyna-dyadka-toma/
Скорочено Айвенго,Вальтер Скотт,https://knigogo.com.ua/knigi/skorocheno-ajvengo/
Світязь,Адам Міцкевич,https://knigogo.com.ua/knigi/svityaz/
Impromtu phantasie (Фант...,Ольга Кобилянська,https://knigogo.com.ua/knigi/impromtu-phantasie/
Скорочено Захар Беркут,Іван Франко,https://knigogo.com.ua/knigi/skorocheno-zahar-berkut/
Клуб самогубців,Роберт Луїс Стівенсон,https://knigogo.com.ua/knigi/klub-samogubtsiv/
Москаль-чарівник,Іван Котляревський,https://knigogo.com.ua/knigi/moskal-charivnyk/
Вітрогон,Іван Нечуй-Левицький,https://knigogo.com.ua/knigi/vitrogon/
Сава Чалий,Іван Карпенко-Карий,https://knigogo.com.ua/knigi/sava-chalyj/
НеІдеальна матуся. Як на...,Сара Тернер,https://knigogo.com.ua/knigi/neidealna-matusya-yak-narodyty-ditej-i-ne-ochmanity/
"Думи мої, думи",Тарас Шевченко,https://knigogo.com.ua/knigi/dumy-moyi-dumy/
"Байда, князь Вишневецький",Пантелеймон Куліш,https://knigogo.com.ua/knigi/bajda-knyaz-vyshnevetskyj/
Різдвяна пісня в прозі,Чарльз Діккенс,https://knigogo.com.ua/knigi/rizdvyana-pisnya-v-prozi/
Садок вишневий коло хати,Тарас Шевченко,https://knigogo.com.ua/knigi/sadok-vyshnevyj-kolo-haty/
Сині етюди,Микола Хвильовий,https://knigogo.com.ua/knigi/syni-etyudy/
Грицева шкільна наука,Іван Франко,https://knigogo.com.ua/knigi/grytseva-shkilna-nauka/
Ромео і Джульєтта,Вільям Шекспір,https://knigogo.com.ua/knigi/romeo-i-dzhulyetta/
Камінний господар,Леся Українка,https://knigogo.com.ua/knigi/kaminnyj-gospodar/
Два сини,Марко Вовчок,https://knigogo.com.ua/knigi/dva-syny/
Талан,Михайло Петрович Старицький,https://knigogo.com.ua/knigi/talan/
"Русалонька із 7-В, або П...",Марина Павленко,https://knigogo.com.ua/knigi/rusalonka-iz-7-v/
Доки сонце зійде – роса ...,Марко Лукич Кропивницький,https://knigogo.com.ua/knigi/doky-sontse-zijde-rosa-ochi-vyyist/
Кармелюк,Марко Вовчок,https://knigogo.com.ua/knigi/karmelyuk/
Оргія,Леся Українка,https://knigogo.com.ua/knigi/orgiya/
Капелюх Чарівника (Диво-...,Туве Янссон,https://knigogo.com.ua/knigi/kapelyuh-charivnyka/
Запропаща грамота,Микола Гоголь,https://knigogo.com.ua/knigi/zapropashha-gramota/
Мандри Гуллівера,Джонатан Свіфт,https://knigogo.com.ua/knigi/mandry-gullivera/
Жаба й Віл,Леонід Глібов,https://knigogo.com.ua/knigi/zhaba-j-vil/
Останній дюйм,Джеймс Олдрідж,https://knigogo.com.ua/knigi/ostannij-dyujm/
Гном у буфеті,Ірина Жиленко,https://knigogo.com.ua/knigi/gnom-u-bufeti/
Скорочено За сестрою,Андрій Чайковський,https://knigogo.com.ua/knigi/skorocheno-za-sestroyu/
З дитинства: дощ,Василь Голобородько,https://knigogo.com.ua/knigi/z-dytynstva-doshh/
Скорочено Мойсей,Іван Франко,https://knigogo.com.ua/knigi/skorocheno-mojsej/
Похід на Царгород,Олександр Олесь,https://knigogo.com.ua/knigi/pohid-na-tsargorod/
Вовк і Ягня,Іван Крилов,https://knigogo.com.ua/knigi/vovk-i-yagnya-krylov/
Вій,Микола Гоголь,https://knigogo.com.ua/knigi/vij/
Фантазери,Микола Носов,https://knigogo.com.ua/knigi/fantazery/
Зимовий етюд,Володимир Підпалий,https://knigogo.com.ua/knigi/zymovyj-etyud/
Мишкова каша,Микола Носов,https://knigogo.com.ua/knigi/myshkova-kasha/
Чоловічий танець (Аркан),Василь Герасим'юк,https://knigogo.com.ua/knigi/cholovichyj-tanets-arkan/
Соловей,Ганс Христіан Андерсен,https://knigogo.com.ua/knigi/solovej/
Казка про рибака та рибку,Олександр Пушкін,https://knigogo.com.ua/knigi/kazka-pro-rybaka-ta-rybku/
Блакитна Панна,Микола Вороний,https://knigogo.com.ua/knigi/blakytna-panna/
Квартет,Іван Крилов,https://knigogo.com.ua/knigi/kvartet/
Пісня про Роланда,No author,https://knigogo.com.ua/knigi/pisnya-pro-rolanda/
Теплота родинного інтиму...,Станіслав Чернілевський,https://knigogo.com.ua/knigi/teplota-rodynnogo-intymu/
Климко,Григір Тютюнник,https://knigogo.com.ua/knigi/klymko/
До рідного народу,Пантелеймон Куліш,https://knigogo.com.ua/knigi/do-ridnogo-narodu/
Чайка Джонатан Лівінгстон,Річард Бах,https://knigogo.com.ua/knigi/chajka-dzhonatan-livingston/
З подорожньої книжки,Леся Українка,https://knigogo.com.ua/knigi/z-podorozhnoyi-knyzhky/
Далекий простір,Ярослав Мельник,https://knigogo.com.ua/knigi/dalekyj-prostir/
Пеппі Довгапанчоха,Астрід Ліндгрен,https://knigogo.com.ua/knigi/peppi-dovgapanchoha/
Аргонавти (Третя історія...,Степан Процюк,https://knigogo.com.ua/knigi/argonavty-tretya-istoriya/
Казка про рукавичку,No author,https://knigogo.com.ua/knigi/kazka-pro-rukavychku/
Пан Коцький,No author,https://knigogo.com.ua/knigi/pan-kotskyj/
Крила,Ліна Костенко,https://knigogo.com.ua/knigi/kryla/
За сестрою,Андрій Чайковський,https://knigogo.com.ua/knigi/za-sestroyu/
Побіда Хмельницького під...,Іван Нечуй-Левицький,https://knigogo.com.ua/knigi/pobida-hmelnytskogo-pid-zbarazhem-i-zborovom/
Хлопчик-зірка,Оскар Уайльд,https://knigogo.com.ua/knigi/hlopchyk-zirka/
Казка про яян,Емма Андієвська,https://knigogo.com.ua/knigi/kazka-pro-yayan/
Дон Кіхот (Премудрий гід...,Мігель де Сервантес,https://knigogo.com.ua/knigi/don-kihot/
Івасик-телесик,No author,https://knigogo.com.ua/knigi/ivasyk-telesyk/
Ляльковий дім,Генрік Ібсен,https://knigogo.com.ua/knigi/lyalkovyj-dim/
Пісня про Гайавату,Генрі Водсворт Лонгфелло,https://knigogo.com.ua/knigi/pisnya-pro-gajavatu/
Дим,Леся Українка,https://knigogo.com.ua/knigi/dym-2/
Скорочено Тореадори з Ва...,Всеволод Нестайко,https://knigogo.com.ua/knigi/skorocheno-toreadory-z-vasyukivky/
Пригоди Чиполіно (Пригод...,Джанні Родарі,https://knigogo.com.ua/knigi/prygody-chypolino/
Скорочено Скотоферма (Фе...,Джордж Орвелл,https://knigogo.com.ua/knigi/skorocheno-skotoferma/
Цар Плаксій та Лоскотон,Василь Симоненко,https://knigogo.com.ua/knigi/tsar-plaksij-ta-loskoton/
Собаче серце,Михайло Булгаков,https://knigogo.com.ua/knigi/sobache-sertse/
Гуси-лебеді летять,Михайло Стельмах,https://knigogo.com.ua/knigi/gusy-lebedi-letyat/
Говорюща риба,Емма Андієвська,https://knigogo.com.ua/knigi/govoryushha-ryba/
Україна в старовину,Олександр Олесь,https://knigogo.com.ua/knigi/ukrayina-v-starovynu/
Скорочено Золотий жук,Едгар По,https://knigogo.com.ua/knigi/skorocheno-zolotyj-zhuk/
Скорочено Ромео і Джульєтта,Вільям Шекспір,https://knigogo.com.ua/knigi/skorocheno-romeo-i-dzhulyetta/
Червона шапочка,Шарль Перро,https://knigogo.com.ua/knigi/chervona-shapochka/
Ще не вмерла Україна,Павло Чубинський,https://knigogo.com.ua/knigi/shhe-ne-vmerla-ukrayina/
Снігова королева,Ганс Христіан Андерсен,https://knigogo.com.ua/knigi/snigova-koroleva/
Скорочено Жага до життя,Джек Лондон,https://knigogo.com.ua/knigi/skorocheno-zhaga-do-zhyttya/
Скорочено 451 градус за ...,Рей Бредбері,https://knigogo.com.ua/knigi/skorocheno-451-gradus-za-farengejtom/
Дюймовочка,Ганс Христіан Андерсен,https://knigogo.com.ua/knigi/dyujmovochka/
Великий Гетсбі,Френсіс Скотт Фіцджеральд,https://knigogo.com.ua/knigi/velykyj-getsbi/
На Козацьких островах,Володимир Рутківський,https://knigogo.com.ua/knigi/na-kozatskyh-ostrovah/
Бджола та шершень,Григорій Сковорода,https://knigogo.com.ua/knigi/bdzhola-ta-shershen/
Бременські музиканти,Брати (Якоб і Вільгельм) Грімм,https://knigogo.com.ua/knigi/bremenski-muzykanty/
"Дивосвіт, або ж Перша кн...",Ігор Калинець,https://knigogo.com.ua/knigi/dyvosvit/
Жовтень жовті жолуді,Анатолій Мойсієнко,https://knigogo.com.ua/knigi/zhovten-zhovti-zholudi/
Сучасникам,Олена Теліга,https://knigogo.com.ua/knigi/suchasnykam/
З журбою радість обнялась…,Олександр Олесь,https://knigogo.com.ua/knigi/z-zhurboyu-radist-obnyalas/
Хотіла б я піснею стати,Леся Українка,https://knigogo.com.ua/knigi/hotila-b-ya-pisneyu-staty/
Туга,Антон Чехов,https://knigogo.com.ua/knigi/tuga/
Задзвени із глибини,Генріх Гейне,https://knigogo.com.ua/knigi/zadzveny-iz-glybyny/
Скорочено Останній дюйм,Джеймс Олдрідж,https://knigogo.com.ua/knigi/skorocheno-ostannij-dyujm/
Скорочено Зачарована Десна,Олександр Довженко,https://knigogo.com.ua/knigi/skorocheno-zacharovana-desna/
Господь багатий нас благ...,Олег Ольжич,https://knigogo.com.ua/knigi/gospod-bagatyj-nas-blagoslovyv/
"Ой Морозе, Морозенку",No author,https://knigogo.com.ua/knigi/oj-moroze-morozenku/
Пригоди Муравлика,Віталій Біанкі,https://knigogo.com.ua/knigi/prygody-muravlyka/
Рубаї,Омар Хайям,https://knigogo.com.ua/knigi/rubayi/
Русалочка,Ганс Христіан Андерсен,https://knigogo.com.ua/knigi/rusalochka/
Злочин і кара,Федір Достоєвський,https://knigogo.com.ua/knigi/zlochyn-i-kara/
Скорочено Конотопська ві...,Григорій Квітка-Основ’яненко,https://knigogo.com.ua/knigi/skorocheno-konotopska-vidma/
З нічних молитов,Іван Малкович,https://knigogo.com.ua/knigi/z-nichnyh-molytov/
Скорочено Ніч перед Різдвом,Микола Гоголь,https://knigogo.com.ua/knigi/skorocheno-nich-pered-rizdvom/
Тарасові шляхи,Оксана Іваненко,https://knigogo.com.ua/knigi/tarasovi-shlyahy/
Хто розмовляє?,Леонід Глібов,https://knigogo.com.ua/knigi/hto-rozmovlyaye/
Теплі слова,Василь Голобородько,https://knigogo.com.ua/knigi/tepli-slova/
Американська трагедія,Теодор Драйзер,https://knigogo.com.ua/knigi/amerykanska-tragediya/
Бородино,Михайло Лермонтов,https://knigogo.com.ua/knigi/borodyno/
Про правду і кривду,No author,https://knigogo.com.ua/knigi/pro-pravdu-i-kryvdu/
Сонети (збірка),Вільям Шекспір,https://knigogo.com.ua/knigi/sonety-zbirka/
Silentium,Федір Тютчев,https://knigogo.com.ua/knigi/silentium/
Парус,Михайло Лермонтов,https://knigogo.com.ua/knigi/parus/
О слово рідне! Орле скут...,Олександр Олесь,https://knigogo.com.ua/knigi/o-slovo-ridne-orle-skutyj/
Весняні води,Федір Тютчев,https://knigogo.com.ua/knigi/vesnyani-vody/
Портрет,Микола Гоголь,https://knigogo.com.ua/knigi/portret/
Скорочено Фауст,Йоганн Вольфганг фон Гете,https://knigogo.com.ua/knigi/skorocheno-faust/
Мцирі,Михайло Лермонтов,https://knigogo.com.ua/knigi/mtsyri/
Скорочено Перевтілення,Франц Кафка,https://knigogo.com.ua/knigi/skorocheno-perevtilennya/
Ася,Іван Тургенєв,https://knigogo.com.ua/knigi/asya/
Смерть чиновника,Антон Чехов,https://knigogo.com.ua/knigi/smert-chynovnyka/
Я вас любив (Я вас кохав),Олександр Пушкін,https://knigogo.com.ua/knigi/ya-vas-lyubyv/
Демон,Михайло Лермонтов,https://knigogo.com.ua/knigi/demon/
Плач Ярославни,Тарас Шевченко,https://knigogo.com.ua/knigi/plach-yaroslavny/
Казка про золотого півника,Олександр Пушкін,https://knigogo.com.ua/knigi/kazka-pro-zolotogo-pivnyka/
По сей день Посейдон пос...,Ліна Костенко,https://knigogo.com.ua/knigi/po-sej-den-posejdon-posidaye-svij-tron/
Смерть поета,Михайло Лермонтов,https://knigogo.com.ua/knigi/smert-poeta/
Маленький Мук,Вільгельм Гауф,https://knigogo.com.ua/knigi/malenkyj-muk/
Білі ночі,Федір Достоєвський,https://knigogo.com.ua/knigi/bili-nochi/
Скорочено Мертві душі,Микола Гоголь,https://knigogo.com.ua/knigi/skorocheno-mertvi-dushi/
Я пам’ятник собі п...,Олександр Пушкін,https://knigogo.com.ua/knigi/ya-pam-yatnyk-sobi-postavyv-nezotlinnyj/
Багаж,Самуїл Маршак,https://knigogo.com.ua/knigi/bagazh/
Антігона,Софокл,https://knigogo.com.ua/knigi/antigona/
Ежені Гранде,Оноре де Бальзак,https://knigogo.com.ua/knigi/ezheni-grande/
Я піду в далекі гори,Володимир Івасюк,https://knigogo.com.ua/knigi/ya-pidu-v-daleki-gory/
Скорочено Шинель,Микола Гоголь,https://knigogo.com.ua/knigi/skorocheno-shynel/
А зорі тут тихі,Борис Васильєв,https://knigogo.com.ua/knigi/a-zori-tut-tyhi/
Чайка,Антон Чехов,https://knigogo.com.ua/knigi/chajka/
Зимовий ранок,Олександр Пушкін,https://knigogo.com.ua/knigi/zymovyj-ranok/
Тихий Дін,Михайло Шолохов,https://knigogo.com.ua/knigi/tyhyj-din/
Пророк,Олександр Пушкін,https://knigogo.com.ua/knigi/prorok-pushkin/
Причинна (Реве та стогне...,Тарас Шевченко,https://knigogo.com.ua/knigi/prychynna/
Пікова дама,Олександр Пушкін,https://knigogo.com.ua/knigi/pikova-dama/
Плаха,Чингіз Айтматов,https://knigogo.com.ua/knigi/plaha/
Катюша,Михайло Ісаковський,https://knigogo.com.ua/knigi/katyusha/
Американська трагедія,Теодор Драйзер,https://knigogo.com.ua/knigi/amerykanska-tragediya/
Скорочено Діти підземелля,Володимир Короленко,https://knigogo.com.ua/knigi/skorocheno-dity-pidzemellya/
Вовк і Ягня,Езоп,https://knigogo.com.ua/knigi/vovk-i-yagnya/
Білий Бім Чорне вухо,Гаврило Троєпольський,https://knigogo.com.ua/knigi/bilyj-bim-chorne-vuho/
"Ви знаєте, як липа шелес...",Павло Тичина,https://knigogo.com.ua/knigi/vy-znayete-yak-lypa-shelestyt/
Скорочено Альпійська балада,Василь Биков,https://knigogo.com.ua/knigi/skorocheno-alpijska-balada/
Скорочено Снігова королева,Ганс Христіан Андерсен,https://knigogo.com.ua/knigi/skorocheno-snigova-koroleva/
Собака на сіні,Лопе де Вега,https://knigogo.com.ua/knigi/sobaka-na-sini/
Дубровський,Олександр Пушкін,https://knigogo.com.ua/knigi/dubrovskyj/
Ісаія. Глава 35 (Подража...,Тарас Шевченко,https://knigogo.com.ua/knigi/isaiya-glava-35-podrazhaniye/
Котлован,Андрій Платонов,https://knigogo.com.ua/knigi/kotlovan/
20 000 льє під водою,Жуль Верн,https://knigogo.com.ua/knigi/20-000-lye-pid-vodoyu/
19 жовтня 1825 року,Олександр Пушкін,https://knigogo.com.ua/knigi/19-zhovtnya-1825-roku/
Ялинка,Михайло Коцюбинський,https://knigogo.com.ua/knigi/yalynka/
Скорочено Повість минули...,Нестор Літописець,https://knigogo.com.ua/knigi/skorocheno-povist-mynulyh-lit/
Телефон,Микола Носов,https://knigogo.com.ua/knigi/telefon-nosov/
"Лебідь, Щука і Рак",Іван Крилов,https://knigogo.com.ua/knigi/lebid-shhuka-i-rak-krilov/
1Q84,Харукі Муракамі,https://knigogo.com.ua/knigi/1q84/
Скорочено Пані Боварі,Гюстав Флобер,https://knigogo.com.ua/knigi/skorocheno-pani-bovari/
Аґрус,Антон Чехов,https://knigogo.com.ua/knigi/agrus/
Пісня про солдатів Весте...,Константи Ільдефонс Галчинський,https://knigogo.com.ua/knigi/pisnya-pro-soldativ-vesterplyatte/
Убити пересмішника,Гарпер Лі,https://knigogo.com.ua/knigi/ubyty-peresmishnyka/
Історія одного кохання,Ерік Сігел,https://knigogo.com.ua/knigi/istoriya-odnogo-kohannya/
"І день іде, і ніч іде",Тарас Шевченко,https://knigogo.com.ua/knigi/i-den-ide-i-nich-ide/
Незнайома,Олександр Блок,https://knigogo.com.ua/knigi/neznajoma/
Хоча лежачого й не б’ють,Тарас Шевченко,https://knigogo.com.ua/knigi/hocha-lezhachogo-j-ne-b-yut/
Галайда,Тарас Шевченко,https://knigogo.com.ua/knigi/galajda/
"Туман, туман долиною",Тарас Шевченко,https://knigogo.com.ua/knigi/tuman-tuman-dolynoyu/
Хіба самому написать,Тарас Шевченко,https://knigogo.com.ua/knigi/hiba-samomu-napysat/
Батько Горіо,Оноре де Бальзак,https://knigogo.com.ua/knigi/batko-gorio/
"На Великдень, на соломі",Тарас Шевченко,https://knigogo.com.ua/knigi/na-velykden-na-solomi/
На вічну пам’ять Котляре...,Тарас Шевченко,https://knigogo.com.ua/knigi/na-vichnu-pam-yat-kotlyarevskomu/
Тече вода з-під явора,Тарас Шевченко,https://knigogo.com.ua/knigi/teche-voda-z-pid-yavora/
Гидке каченя,Ганс Христіан Андерсен,https://knigogo.com.ua/knigi/gydke-kachenya/
Молитва,Тарас Шевченко,https://knigogo.com.ua/knigi/molytva/
Скорочено Міщанин-шляхтич,Жан Батист Мольєр,https://knigogo.com.ua/knigi/skorocheno-mishhanyn-shlyahtych/
Ми вкупочці колись росли,Тарас Шевченко,https://knigogo.com.ua/knigi/my-vkupochtsi-kolys-rosly/
Лічу в неволі дні і ночі,Тарас Шевченко,https://knigogo.com.ua/knigi/lichu-v-nevoli-dni-i-nochi/
І виріс я на чужині,Тарас Шевченко,https://knigogo.com.ua/knigi/i-vyris-ya-na-chuzhyni/
Москалева криниця,Тарас Шевченко,https://knigogo.com.ua/knigi/moskaleva-krynytsya/
Сон (На панщині пшеницю ...,Тарас Шевченко,https://knigogo.com.ua/knigi/son-na-panshhyni-pshenytsyu-zhala/
Ікс плюс Ігрек,Василь Симоненко,https://knigogo.com.ua/knigi/iks-plyus-igrek/
"Лебідь, Щука і Рак",Леонід Глібов,https://knigogo.com.ua/knigi/lebid-shhuka-i-rak/
Синя борода,Шарль Перро,https://knigogo.com.ua/knigi/synya-boroda/
Скорочено Федько-халамидник,Володимир Винниченко,https://knigogo.com.ua/knigi/skorocheno-fedko-halamydnyk/
Реквієм,Анна Ахматова,https://knigogo.com.ua/knigi/rekviyem/
Скорочено Герой нашого часу,Михайло Лермонтов,https://knigogo.com.ua/knigi/skorocheno-geroj-nashogo-chasu/
Принцеса на горошині,Ганс Христіан Андерсен,https://knigogo.com.ua/knigi/pryntsesa-na-goroshyni/
Вишневий сад,Антон Чехов,https://knigogo.com.ua/knigi/vyshnevyj-sad/
Скорочено Дівчина з ведм...,Віктор Петров (Домонтович),https://knigogo.com.ua/knigi/skorocheno-divchyna-z-vedmedykom/
Скорочено Портрет Доріан...,Оскар Уайльд,https://knigogo.com.ua/knigi/skorocheno-portret-doriana-greya/
Казка про Оха-чародія,Леся Українка,https://knigogo.com.ua/knigi/kazka-pro-oha-charodiya/
Кресало,Ганс Христіан Андерсен,https://knigogo.com.ua/knigi/kresalo/
Скорочено Гранатовий бра...,Олександр Купрін,https://knigogo.com.ua/knigi/skorocheno-granatovyj-braslet/
Скорочено Хамелеон,Антон Чехов,https://knigogo.com.ua/knigi/skorocheno-hameleon/
Палата №6,Антон Чехов,https://knigogo.com.ua/knigi/palata-6/
Три Товстуни,Юрій Олеша,https://knigogo.com.ua/knigi/try-tovstuny/
Скорочено Гамлет,Вільям Шекспір,https://knigogo.com.ua/knigi/skorocheno-gamlet/
Велесова книга,No author,https://knigogo.com.ua/knigi/velesova-knyga/
Роман про Трістана та Із...,No author,https://knigogo.com.ua/knigi/roman-pro-tristana-ta-izoldu/
Скорочено Наталка Полтавка,Іван Котляревський,https://knigogo.com.ua/knigi/skorocheno-natalka-poltavka/
Зловмисник,Антон Чехов,https://knigogo.com.ua/knigi/zlovmysnyk/
Гімн,Іван Франко,https://knigogo.com.ua/knigi/gimn/
Скорочено Пурпурові вітр...,Олександр Грін,https://knigogo.com.ua/knigi/skorocheno-purpurovi-vitryla/
Діти підземелля,Володимир Короленко,https://knigogo.com.ua/knigi/dity-pidzemellya/
Московіада,Юрій Андрухович,https://knigogo.com.ua/knigi/moskoviada/
Човен,Євген Гребінка,https://knigogo.com.ua/knigi/choven/
"Гей, нові Колумби й Маге...",Василь Симоненко,https://knigogo.com.ua/knigi/gej-novi-kolumby-j-magellany/
Солодкий світ!..,Максим Рильський,https://knigogo.com.ua/knigi/solodkyj-svit/
Любов,Роберт Бернс,https://knigogo.com.ua/knigi/lyubov/
Кухлик,Павло Глазовий,https://knigogo.com.ua/knigi/kuhlyk/
Мій ангел такий маленький,Галина Кирпа,https://knigogo.com.ua/knigi/mij-angel-takyj-malenkyj/
Скорочено Божественна ко...,Данте Аліг'єрі,https://knigogo.com.ua/knigi/skorocheno-bozhestvenna-komediya/
Найважча роль,Павло Глазовий,https://knigogo.com.ua/knigi/najvazhcha-rol/
Чари ночі,Олександр Олесь,https://knigogo.com.ua/knigi/chary-nochi/
Лускунчик і Мишачий король,Ернст Теодор Амадей Гофман,https://knigogo.com.ua/knigi/luskunchyk-i-myshachyj-korol/
Осінь,Володимир Сосюра,https://knigogo.com.ua/knigi/osin/
Скорочено Гобсек,Оноре де Бальзак,https://knigogo.com.ua/knigi/skorocheno-gobsek/
Наша мова,Василь Голобородько,https://knigogo.com.ua/knigi/nasha-mova/
Тиша морська,Леся Українка,https://knigogo.com.ua/knigi/tysha-morska/
"Я, робот",Айзек Азімов,https://knigogo.com.ua/knigi/ya-robot/
Скорочено Пеппі Довгапан...,Астрід Ліндгрен,https://knigogo.com.ua/knigi/skorocheno-peppi-dovgapanchoha/
Кіт у чоботях,Шарль Перро,https://knigogo.com.ua/knigi/kit-u-chobotyah-sharl-perro/
Київські прохачі,Іван Нечуй-Левицький,https://knigogo.com.ua/knigi/kyyivski-prohachi/
Горпина,Марко Вовчок,https://knigogo.com.ua/knigi/gorpyna/
Поміж ворогами,Іван Нечуй-Левицький,https://knigogo.com.ua/knigi/pomizh-vorogamy/
Гастролі,Іван Нечуй-Левицький,https://knigogo.com.ua/knigi/gastroli/
Із днів журби,Іван Франко,https://knigogo.com.ua/knigi/iz-dniv-zhurby/
Скорочено Убити пересміш...,Гарпер Лі,https://knigogo.com.ua/knigi/skorocheno-ubyty-peresmishnyka/
Думи і мрії,Леся Українка,https://knigogo.com.ua/knigi/dumy-i-mriyi/
Євшан-зілля,Микола Вороний,https://knigogo.com.ua/knigi/yevshan-zillya/
Дев’ять братiв i д...,Марко Вовчок,https://knigogo.com.ua/knigi/dev-yat-brativ-i-desyata-sestrytsya-galya/
Сокільська гора,Іван Нечуй-Левицький,https://knigogo.com.ua/knigi/sokilska-gora/
"Конрад, або Дитина з бля...",Крістіна Нестлінґер,https://knigogo.com.ua/knigi/konrad-abo-dytyna-z-blyashanky/
Неоднаковими стежками,Іван Нечуй-Левицький,https://knigogo.com.ua/knigi/neodnakovymy-stezhkamy/
Хрестини,Іван Нечуй-Левицький,https://knigogo.com.ua/knigi/hrestyny/
Давнє й нове,Іван Франко,https://knigogo.com.ua/knigi/davnye-j-nove/
Старі гультяї,Іван Нечуй-Левицький,https://knigogo.com.ua/knigi/stari-gultyayi/
Журнал,Тарас Шевченко,https://knigogo.com.ua/knigi/zhurnal/
Не бував ти у наших краях!,Павло Тичина,https://knigogo.com.ua/knigi/ne-buvav-ty-u-nashyh-krayah/
На гастролях в Микитянах,Іван Нечуй-Левицький,https://knigogo.com.ua/knigi/na-gastrolyah-v-mykytyanah/
Голова Ході,Михайло Коцюбинський,https://knigogo.com.ua/knigi/golova-hodi/
Скорочено Матінка Кураж ...,Бертольт Брехт,https://knigogo.com.ua/knigi/skorocheno-matinka-kurazh-ta-yiyi-dity/
Іліада,Гомер,https://knigogo.com.ua/knigi/iliada/
Захочеш і будеш,Олег Ольжич,https://knigogo.com.ua/knigi/zahochesh-i-budesh/
Король Лір і його дочки,No author,https://knigogo.com.ua/knigi/korol-lir-i-jogo-dochky/
Котик і півник,No author,https://knigogo.com.ua/knigi/kotyk-i-pivnyk/
Потрапити в сад,Галина Пагутяк,https://knigogo.com.ua/knigi/potrapyty-v-sad/
Місто,Валер'ян Підмогильний,https://knigogo.com.ua/knigi/misto-valer-yan-pidmogylnyj/
Хуха-Моховинка,Василь Королів-Старий,https://knigogo.com.ua/knigi/huha-mohovynka/
Тополя,Тарас Шевченко,https://knigogo.com.ua/knigi/topolya/
Гамлет,Вільям Шекспір,https://knigogo.com.ua/knigi/gamlet/
Весняна гроза,Федір Тютчев,https://knigogo.com.ua/knigi/vesnyana-groza/
Сон (“У всякого св...,Тарас Шевченко,https://knigogo.com.ua/knigi/son-u-vsyakogo-svoya-dolya/
Кольорові миші,Ліна Костенко,https://knigogo.com.ua/knigi/kolorovi-myshi/
Сто років самотності,Габріель Гарсіа Маркес,https://knigogo.com.ua/knigi/sto-rokiv-samotnosti/
Зима-чарівниця,Туве Янссон,https://knigogo.com.ua/knigi/zyma-charivnytsya/
Джельсоміно в Країні бре...,Джанні Родарі,https://knigogo.com.ua/knigi/dzhelsomino-v-krayini-brehuniv/
Блакить мою душу обвіяла,Павло Тичина,https://knigogo.com.ua/knigi/blakyt-moyu-dushu-obviyala/
Скорочено Ляльковий дім,Генрік Ібсен,https://knigogo.com.ua/knigi/skorocheno-lyalkovyj-dim/
Хайку,Мацуо Басьо,https://knigogo.com.ua/knigi/hajku/
Білий кінь Шептало,Володимир Дрозд,https://knigogo.com.ua/knigi/bilyj-kin-sheptalo/
Чорний обеліск,Еріх Марія Ремарк,https://knigogo.com.ua/knigi/chornyj-obelisk/
Інфанта,Микола Вороний,https://knigogo.com.ua/knigi/infanta/
Моя автобіографія,Остап Вишня,https://knigogo.com.ua/knigi/moya-avtobiografiya/
Роксолана,Павло Загребельний,https://knigogo.com.ua/knigi/roksolana/
Три мушкетери,Олександр Дюма,https://knigogo.com.ua/knigi/try-mushketery/
Скорочено Мина Мазайло,Микола Куліш,https://knigogo.com.ua/knigi/skorocheno-myna-mazajlo/
Давня весна,Леся Українка,https://knigogo.com.ua/knigi/davnya-vesna/
Contra spem spero! (Без ...,Леся Українка,https://knigogo.com.ua/knigi/contra-spem-spero/
Скарб,Олекса Стороженко,https://knigogo.com.ua/knigi/skarb/
Коза-дереза,No author,https://knigogo.com.ua/knigi/koza-dereza/
Руслан і Людмила,Олександр Пушкін,https://knigogo.com.ua/knigi/ruslan-i-lyudmyla/
Вересовий трунок,Роберт Луїс Стівенсон,https://knigogo.com.ua/knigi/veresovyj-trunok/
Скорочено Пригоди Тома С...,Марк Твен,https://knigogo.com.ua/knigi/skorocheno-prygody-toma-sojyera/
Скорочено 1984,Джордж Орвелл,https://knigogo.com.ua/knigi/skorocheno-1984/
Скорочено Енеїда,Іван Котляревський,https://knigogo.com.ua/knigi/skorocheno-eneyida/
Стояла я і слухала весну...,Леся Українка,https://knigogo.com.ua/knigi/stoyala-ya-i-sluhala-vesnu/
Еволюція,Павло Глазовий,https://knigogo.com.ua/knigi/evolyutsiya/
"Віють вітри, віють буйні",Маруся Чурай,https://knigogo.com.ua/knigi/viyut-vitry-viyut-bujni/
"Ой не ходи, Грицю",Маруся Чурай,https://knigogo.com.ua/knigi/oj-ne-hody-grytsyu/
Муха й Бджола,Леонід Глібов,https://knigogo.com.ua/knigi/muha-j-bdzhola/
Весна,Афанасій Фет,https://knigogo.com.ua/knigi/vesna/
Радість,Олена Теліга,https://knigogo.com.ua/knigi/radist/
Борис Годунов,Олександр Пушкін,https://knigogo.com.ua/knigi/borys-godunov/
Вчись у природи творчого...,Євген Плужник,https://knigogo.com.ua/knigi/vchys-u-pryrody-tvorchogo-spokoyu/
Дама з собачкою,Антон Чехов,https://knigogo.com.ua/knigi/dama-z-sobachkoyu/
Заморські гості,Павло Глазовий,https://knigogo.com.ua/knigi/zamorski-gosti/
Мідний вершник,Олександр Пушкін,https://knigogo.com.ua/knigi/midnyj-vershnyk/
Душечка,Антон Чехов,https://knigogo.com.ua/knigi/dushechka/
Скорочено Одіссея,Гомер,https://knigogo.com.ua/knigi/skorocheno-odisseya/
Злоначинающих спини…,Тарас Шевченко,https://knigogo.com.ua/knigi/zlonachynayushhyh-spyny/
"Якби ви знали, паничі",Тарас Шевченко,https://knigogo.com.ua/knigi/yakby-vy-znaly-panychi/
У нашім раї на землі,Тарас Шевченко,https://knigogo.com.ua/knigi/u-nashim-rayi-na-zemli/
Парадокс,Володимир Короленко,https://knigogo.com.ua/knigi/paradoks/
Арап Петра Великого,Олександр Пушкін,https://knigogo.com.ua/knigi/arap-petra-velykogo/
Про назву концтабору Бух...,Альфред Маргул-Шпербер,https://knigogo.com.ua/knigi/pro-nazvu-kontstaboru-buhenvald/
Лист із полону,Константи Ільдефонс Галчинський,https://knigogo.com.ua/knigi/lyst-iz-polonu/
Асоціації,Ігор Павлюк,https://knigogo.com.ua/knigi/asotsiatsiyi/
Скорочено Наймичка,Тарас Шевченко,https://knigogo.com.ua/knigi/skorocheno-najmychka/
Зимовий вечір,Олександр Пушкін,https://knigogo.com.ua/knigi/zymovyj-vechir/
Олеся,Олександр Купрін,https://knigogo.com.ua/knigi/olesya/
Добре вмирати тому…,Тіртей,https://knigogo.com.ua/knigi/dobre-vmyraty-tomu/
"Барвношатна владарко, Аф...",Сапфо,https://knigogo.com.ua/knigi/barvnoshatna-vladarko-afrodito/
"І не дивуй, що я прийду ...",Ліна Костенко,https://knigogo.com.ua/knigi/i-ne-dyvuj-shho-ya-pryjdu-znenatska/
"А затишок співає, мов си...",Ліна Костенко,https://knigogo.com.ua/knigi/a-zatyshok-spivaye-mov-syrena/
"Виходжу в сад, він чорни...",Ліна Костенко,https://knigogo.com.ua/knigi/vyhodzhu-v-sad-vin-chornyj-i-hudyj/
Двори стоять у хуртовині...,Ліна Костенко,https://knigogo.com.ua/knigi/dvory-stoyat-u-hurtovyni-ajstr/
"Затінок, сутінок, день з...",Ліна Костенко,https://knigogo.com.ua/knigi/zatinok-sutinok-den-zolotyj/
"Страшні слова, коли вони...",Ліна Костенко,https://knigogo.com.ua/knigi/strashni-slova-koly-vony-movchat/
Літо краснеє минуло,Леся Українка,https://knigogo.com.ua/knigi/lito-krasneye-mynulo/
Конвалія,Леся Українка,https://knigogo.com.ua/knigi/konvaliya/
Fiat nox,Леся Українка,https://knigogo.com.ua/knigi/fiat-nox/
До мого фортепіано,Леся Українка,https://knigogo.com.ua/knigi/do-mogo-fortepiano/
Веснянка,Леся Українка,https://knigogo.com.ua/knigi/vesnyanka/
"Чекаю дня, коли собі скажу",Ліна Костенко,https://knigogo.com.ua/knigi/chekayu-dnya-koly-sobi-skazhu/
До Мельпомени (“Мі...,Горацій,https://knigogo.com.ua/knigi/do-melpomeny-mij-pam-yatnyk-stoyit/
Вже сонечко в море сіда,Леся Українка,https://knigogo.com.ua/knigi/vzhe-sonechko-v-more-sida/
Вечірня година,Леся Українка,https://knigogo.com.ua/knigi/vechirnya-godyna/
Сім струн,Леся Українка,https://knigogo.com.ua/knigi/sim-strun/
Печаль на яшмовому ґанку,Лі Бо,https://knigogo.com.ua/knigi/pechal-na-yashmovomu-ganku/
Призахідне сонце навіює ...,Лі Бо,https://knigogo.com.ua/knigi/pryzahidne-sontse/
Двобій Ахілла і Гектора,Гомер,https://knigogo.com.ua/knigi/dvobij-ahilla-i-gektora/
Скіфська баба,Ліна Костенко,https://knigogo.com.ua/knigi/skifska-baba/
Доля,Ліна Костенко,https://knigogo.com.ua/knigi/dolya-kostenko/
"Мамо, іде вже зима",Леся Українка,https://knigogo.com.ua/knigi/mamo-ide-vzhe-zyma/
"Тішся, дитино, поки ще м...",Леся Українка,https://knigogo.com.ua/knigi/tishsya-dytyno-poky-shhe-malenka/
Спинюся я і довго буду с...,Ліна Костенко,https://knigogo.com.ua/knigi/spynyusya-ya-i-dovgo-budu-sluhat/
"Все, все покинуть, до те...",Леся Українка,https://knigogo.com.ua/knigi/vse-vse-pokynut-do-tebe-polynut/
Пелюстки старовинного ро...,Ліна Костенко,https://knigogo.com.ua/knigi/pelyustky-starovynnogo-romansu/
Пишіть листи і надсилайт...,Ліна Костенко,https://knigogo.com.ua/knigi/pyshit-lysty-i-nadsylajte-vchasno/
Розкажу тобі думку таємну,Ліна Костенко,https://knigogo.com.ua/knigi/rozkazhu-tobi-dumku-tayemnu/
"Квіток, квіток, як можна...",Леся Українка,https://knigogo.com.ua/knigi/kvitok-kvitok-yak-mozhna-bilshe-kvitiv/
"І жах, і кров, і смерть,...",Ліна Костенко,https://knigogo.com.ua/knigi/i-zhah-i-krov-i-smert-i-vidchaj/
"Вже почалось, мабуть, ма...",Ліна Костенко,https://knigogo.com.ua/knigi/vzhe-pochalos-mabut-majbutnye/
Грішниця,Леся Українка,https://knigogo.com.ua/knigi/grishnytsya-ukrainka/
Рукавичка,Фрідріх Шиллер,https://knigogo.com.ua/knigi/rukavychka-shiller/
Життя іде і все без коре...,Ліна Костенко,https://knigogo.com.ua/knigi/zhyttya-ide-i-vse-bez-korektur/
Пурпурові вітрила (Черво...,Олександр Грін,https://knigogo.com.ua/knigi/purpurovi-vitryla-chervoni-vitryla/
На зеленому горбочку,Леся Українка,https://knigogo.com.ua/knigi/na-zelenomu-gorbochku/
Світлий сонет,Ліна Костенко,https://knigogo.com.ua/knigi/svitlyj-sonet/
Не співайте мені сеї пісні,Леся Українка,https://knigogo.com.ua/knigi/ne-spivajte-meni-seyi-pisni/
Живцем поховані,Іван Нечуй-Левицький,https://knigogo.com.ua/knigi/zhyvtsem-pohovani/
Семен Палій. Герой Украї...,Іван Нечуй-Левицький,https://knigogo.com.ua/knigi/semen-palij-geroj-ukrayinskogo-naroda/
Отець Андрій,Марко Вовчок,https://knigogo.com.ua/knigi/otets-andrij/
Біда бабі Парасці Гришисі,Іван Нечуй-Левицький,https://knigogo.com.ua/knigi/bida-babi-parastsi-gryshysi/
Над Чорним морем,Іван Нечуй-Левицький,https://knigogo.com.ua/knigi/nad-chornym-morem/
Скривджені й нескривджені,Іван Нечуй-Левицький,https://knigogo.com.ua/knigi/skryvdzheni-j-neskryvdzheni/
Джури козака Швайки,Володимир Рутківський,https://knigogo.com.ua/knigi/dzhury-kozaka-shvajky/
"Тім Талер, або Проданий ...",Джеймс Крюс,https://knigogo.com.ua/knigi/tim-taler-abo-prodanyj-smih/
Іван Вишенський,Іван Франко,https://knigogo.com.ua/knigi/ivan-vyshenskyj/
Ніч перед боєм,Олександр Довженко,https://knigogo.com.ua/knigi/nich-pered-boyem/
Тореадори з Васюківки (2...,Всеволод Нестайко,https://knigogo.com.ua/knigi/toreadory-z-vasyukivky-2004/
Дві милі,Іван Нечуй-Левицький,https://knigogo.com.ua/knigi/dvi-myli/
Українські гетьмани Брух...,Іван Нечуй-Левицький,https://knigogo.com.ua/knigi/ukrayinski-getmany-bruhovetskyj-i-teterya/
Вибрані оповідання,Пантелеймон Куліш,https://knigogo.com.ua/knigi/vybrani-opovidannya/
Скорочено Митькозавр із ...,Ярослав Стельмах,https://knigogo.com.ua/knigi/skorocheno-mytkozavr-iz-yurkivky/
Скорочено Маленький принц,Антуан де Сент-Екзюпері,https://knigogo.com.ua/knigi/skorocheno-malenkyj-prynts/
Вибрані поезії,Микола Хвильовий,https://knigogo.com.ua/knigi/vybrani-poeziyi/
Катерина,Тарас Шевченко,https://knigogo.com.ua/knigi/kateryna/
Не той став,Іван Нечуй-Левицький,https://knigogo.com.ua/knigi/ne-toj-stav/
Скорочено Синій птах,Моріс Метерлінк,https://knigogo.com.ua/knigi/skorocheno-synij-ptah/
Якось-то йдучи уночі,Тарас Шевченко,https://knigogo.com.ua/knigi/yakos-to-jduchy-unochi/
Манфред,Джордж Гордон Байрон,https://knigogo.com.ua/knigi/manfred/
Осляча шкура,Шарль Перро,https://knigogo.com.ua/knigi/oslyacha-shkura/
Марку Вовчку,Тарас Шевченко,https://knigogo.com.ua/knigi/marku-vovchku/
Скорочено Пігмаліон,Джордж Бернард Шоу,https://knigogo.com.ua/knigi/skorocheno-pigmalion/
Будденброки,Томас Манн,https://knigogo.com.ua/knigi/buddenbroky/
Зелена Євангелія,Богдан-Ігор Антонич,https://knigogo.com.ua/knigi/zelena-yevangeliya/
Українське Альфреско,Ліна Костенко,https://knigogo.com.ua/knigi/ukrayinske-alfresko/
Давидові псалми,Тарас Шевченко,https://knigogo.com.ua/knigi/davydovi-psalmy/
Ликері,Тарас Шевченко,https://knigogo.com.ua/knigi/lykeri/
Скорочено Берег любові,Олесь Гончар,https://knigogo.com.ua/knigi/skorocheno-bereg-lyubovi/
О капітане!,Волт Вітмен,https://knigogo.com.ua/knigi/o-kapitane/
Конфедерати,Тарас Шевченко,https://knigogo.com.ua/knigi/konfederaty/
Що записано в книгу життя,Михайло Коцюбинський,https://knigogo.com.ua/knigi/shho-zapysano-v-knygu-zhyttya/
"Кандід, або Оптимізм",Вольтер,https://knigogo.com.ua/knigi/kandid-abo-optymizm/
Діоген,Іван Сенченко,https://knigogo.com.ua/knigi/diogen/
Страшна помста,Микола Гоголь,https://knigogo.com.ua/knigi/strashna-pomsta/
Скорочено Ялинка,Михайло Коцюбинський,https://knigogo.com.ua/knigi/skorocheno-yalynka/
Сонет 130,Вільям Шекспір,https://knigogo.com.ua/knigi/sonet-130/
Скорочено Вогник далеко ...,Григір Тютюнник,https://knigogo.com.ua/knigi/skorocheno-vognyk-daleko-v-stepu/
Із янголом на плечі,Іван Малкович,https://knigogo.com.ua/knigi/iz-yangolom-na-plechi/
Поєдинок Робіна Гуда з Г...,No author,https://knigogo.com.ua/knigi/poyedynok-robina-guda/
Листівки з видами міст,Джанні Родарі,https://knigogo.com.ua/knigi/lystivky-z-vydamy-mist/
Ніч… а човен — як ...,Євген Плужник,https://knigogo.com.ua/knigi/nich-a-choven-yak-sribnyj-ptah/
Скорочено Майстер і Марг...,Михайло Булгаков,https://knigogo.com.ua/knigi/skorocheno-majster-i-margaryta/
Химерний маленький,Леонід Глібов,https://knigogo.com.ua/knigi/hymernyj-malenkyj/
Матінка Кураж та її діти,Бертольт Брехт,https://knigogo.com.ua/knigi/matinka-kurazh-ta-yiyi-dity/
Доміно,Ернест Сетон-Томпсон,https://knigogo.com.ua/knigi/domino/
"Дощ (“Благодатний,...",Максим Рильський,https://knigogo.com.ua/knigi/doshh-blagodatnyj-dovgozhdanyj/
Красуня,Іван Бунін,https://knigogo.com.ua/knigi/krasunya/
Скорочено Лісова пісня,Леся Українка,https://knigogo.com.ua/knigi/skorocheno-lisova-pisnya/
Блискавка,Ігор Калинець,https://knigogo.com.ua/knigi/blyskavka/
Сад божественних пісень,Григорій Сковорода,https://knigogo.com.ua/knigi/sad-bozhestvennyh-pisen/
Криничка,Ігор Калинець,https://knigogo.com.ua/knigi/krynychka/
Скорочено Різдвяна пісня...,Чарльз Діккенс,https://knigogo.com.ua/knigi/skorocheno-rizdvyana-pisnya-v-prozi/
Дощ полив,Ліна Костенко,https://knigogo.com.ua/knigi/doshh-polyv/
Книги в червоній палітурці,Марина Цвєтаєва,https://knigogo.com.ua/knigi/knygy-v-chervonij-paliturtsi/
Скорочено Іліада,Гомер,https://knigogo.com.ua/knigi/skorocheno-iliada/
Похвала,Павло Глазовий,https://knigogo.com.ua/knigi/pohvala/
Про коника та цвіркуна,Джон Кітс,https://knigogo.com.ua/knigi/pro-konyka-ta-tsvirkuna/
Вождь червоношкірих,О. Генрі,https://knigogo.com.ua/knigi/vozhd-chervonoshkiryh/
Зацвіла в долині,Тарас Шевченко,https://knigogo.com.ua/knigi/zatsvila-v-dolyni/
Золоте теля,Ілля Ільф і Євген Петров,https://knigogo.com.ua/knigi/zolote-telya/
Скорочено Ідіот,Федір Достоєвський,https://knigogo.com.ua/knigi/skorocheno-idiot/
Нащо мені женитися,Тарас Шевченко,https://knigogo.com.ua/knigi/nashho-meni-zhenytysya/
Дружок,Микола Носов,https://knigogo.com.ua/knigi/druzhok/
Чума,Тарас Шевченко,https://knigogo.com.ua/knigi/chuma/
Дон Жуан,Жан Батист Мольєр,https://knigogo.com.ua/knigi/don-zhuan-moler/
Перебендя,Тарас Шевченко,https://knigogo.com.ua/knigi/perebendya/
Не тополю високую,Тарас Шевченко,https://knigogo.com.ua/knigi/ne-topolyu-vysokuyu/
Скорочено Маруся,Григорій Квітка-Основ’яненко,https://knigogo.com.ua/knigi/skorocheno-marusya/
Слоненя,Редьярд Кіплінг,https://knigogo.com.ua/knigi/slonenya/
Семеро підземних королів,Олександр Волков,https://knigogo.com.ua/knigi/semero-pidzemnyh-koroliv/
"Чи не покинуть нам, небого",Тарас Шевченко,https://knigogo.com.ua/knigi/chy-ne-pokynut-nam-nebogo/
Інтродукція,Тарас Шевченко,https://knigogo.com.ua/knigi/introduktsiya/
Сонет 66 (збірка),Вільям Шекспір,https://knigogo.com.ua/knigi/sonet-66-zbirka/
Ой по горі роман цвіте,Тарас Шевченко,https://knigogo.com.ua/knigi/oj-po-gori-roman-tsvite/
Скорочено Останній листок,О. Генрі,https://knigogo.com.ua/knigi/skorocheno-ostannij-lystok/
Не так тії вороги,Тарас Шевченко,https://knigogo.com.ua/knigi/ne-tak-tiyi-vorogy/
"Ой люлі, люлі, моя дитино",Тарас Шевченко,https://knigogo.com.ua/knigi/oj-lyuli-lyuli-moya-dytyno/
Мій шлях,Леся Українка,https://knigogo.com.ua/knigi/mij-shlyah/
Коректна ода ворогам,Ліна Костенко,https://knigogo.com.ua/knigi/korektna-oda-vorogam/
"Україно, плачу слізьми н...",Леся Українка,https://knigogo.com.ua/knigi/ukrayino-plachu-slizmy-nad-toboyu/
Ангел помсти,Леся Українка,https://knigogo.com.ua/knigi/angel-pomsty/
Біль єдиної зброї,Ліна Костенко,https://knigogo.com.ua/knigi/bil-yedynoyi-zbroyi/
Хай буде легко,Ліна Костенко,https://knigogo.com.ua/knigi/haj-bude-legko/
Надія,Леся Українка,https://knigogo.com.ua/knigi/nadiya/
"Хотіла б я тебе, мов плю...",Леся Українка,https://knigogo.com.ua/knigi/hotila-b-ya-tebe-mov-plyushh-obnyaty/
Поет під час облоги,Леся Українка,https://knigogo.com.ua/knigi/poet-pid-chas-oblogy/
Сон літньої ночі,Леся Українка,https://knigogo.com.ua/knigi/son-litnoyi-nochi/
Мій перший вірш написани...,Ліна Костенко,https://knigogo.com.ua/knigi/mij-pershyj-virsh-napysanyj-v-okopi/
Тут обелісків ціла рота,Ліна Костенко,https://knigogo.com.ua/knigi/tut-obeliskiv-tsila-rota/
"І я не я, і ти мені не ти",Ліна Костенко,https://knigogo.com.ua/knigi/i-ya-ne-ya-i-ty-meni-ne-ty/
Нічка тиха і темна була,Леся Українка,https://knigogo.com.ua/knigi/nichka-tyha-i-temna-bula/
Осінній день,Ліна Костенко,https://knigogo.com.ua/knigi/osinnij-den/
"Я кину все, я вірю в кіл...",Ліна Костенко,https://knigogo.com.ua/knigi/ya-kynu-vse-ya-viryu-v-kilometry/
Сумні елегії,Овідій,https://knigogo.com.ua/knigi/sumni-elegiyi/
Псалом 16,Ліна Костенко,https://knigogo.com.ua/knigi/psalom-16/
Забуті слова,Леся Українка,https://knigogo.com.ua/knigi/zabuti-slova/
"Скрізь плач, і стогін, і...",Леся Українка,https://knigogo.com.ua/knigi/skriz-plach-i-stogin-i-rydannya/
Кавказ,Михайло Лермонтов,https://knigogo.com.ua/knigi/kavkaz-lermontov/
Доктор Фаустус,Томас Манн,https://knigogo.com.ua/knigi/doktor-faustus/
Породила мене мати,Тарас Шевченко,https://knigogo.com.ua/knigi/porodyla-mene-maty/
"Погибнеш, згинеш, Україно",Тарас Шевченко,https://knigogo.com.ua/knigi/pogybnesh-zgynesh-ukrayino/
"Світе ясний, світе тихий",Тарас Шевченко,https://knigogo.com.ua/knigi/svite-yasnyj-svite-tyhyj/
"Буває, іноді старий",Тарас Шевченко,https://knigogo.com.ua/knigi/buvaye-inodi-staryj/
"Отелло, венеціанський мавр",Вільям Шекспір,https://knigogo.com.ua/knigi/otello-venetsianskyj-mavr/
Королі і капуста,О. Генрі,https://knigogo.com.ua/knigi/koroli-i-kapusta/
Сестрі,Тарас Шевченко,https://knigogo.com.ua/knigi/sestri/
Неофіти,Тарас Шевченко,https://knigogo.com.ua/knigi/neofity/
Над Дніпровою сагою,Тарас Шевченко,https://knigogo.com.ua/knigi/nad-dniprovoyu-sagoyu/
Утоптала стежечку,Тарас Шевченко,https://knigogo.com.ua/knigi/utoptala-stezhechku/
"Якби мені, мамо, намисто",Тарас Шевченко,https://knigogo.com.ua/knigi/yakby-meni-mamo-namysto/
Петрусь,Тарас Шевченко,https://knigogo.com.ua/knigi/petrus/
Скорочено Крихітка Цахес...,Ернст Теодор Амадей Гофман,https://knigogo.com.ua/knigi/skorocheno-kryhitka-tsahes/
Троє в одному човні (Як ...,Джером Клапка Джером,https://knigogo.com.ua/knigi/troye-v-odnomu-chovni/
І золотої й дорогої,Тарас Шевченко,https://knigogo.com.ua/knigi/i-zolotoyi-j-dorogoyi/
Планета людей,Антуан де Сент-Екзюпері,https://knigogo.com.ua/knigi/planeta-lyudej/
Юродивий,Тарас Шевченко,https://knigogo.com.ua/knigi/yurodyvyj/
Чи то недоля та неволя,Тарас Шевченко,https://knigogo.com.ua/knigi/chy-to-nedolya-ta-nevolya/
"Як дитиною, бувало…",Леся Українка,https://knigogo.com.ua/knigi/yak-dytynoyu-buvalo/
Осінь-маляр із палітрою ...,Максим Рильський,https://knigogo.com.ua/knigi/osin-malyar-iz-palitroyu-pyshnoyu/
Над прірвою у житі (Лове...,Джером Девід Селінджер,https://knigogo.com.ua/knigi/nad-prirvoyu-u-zhyti/
Добре торгувалось,Степан Руданський,https://knigogo.com.ua/knigi/dobre-torguvalos/
Червона рута,Володимир Івасюк,https://knigogo.com.ua/knigi/chervona-ruta/
Рукавичка,Фрідріх Шиллер,https://knigogo.com.ua/knigi/rukavychka/
Пурпурні вітрила,Олександр Грін,https://knigogo.com.ua/knigi/purpurni-vitryla/
Хокку,Мацуо Басьо,https://knigogo.com.ua/knigi/hokku/
Гайдамаки,Тарас Шевченко,https://knigogo.com.ua/knigi/gajdamaky/
Скорочено Дорогою ціною,Михайло Коцюбинський,https://knigogo.com.ua/knigi/skorocheno-dorogoyu-tsinoyu/
Пісня про рушник,Андрій Малишко,https://knigogo.com.ua/knigi/pisnya-pro-rushnyk/
Снап,Ернест Сетон-Томпсон,https://knigogo.com.ua/knigi/snap/
Майстер корабля,Юрій Яновський,https://knigogo.com.ua/knigi/majster-korablya/
Думка (Тече вода в синє ...,Тарас Шевченко,https://knigogo.com.ua/knigi/dumka/
Дикі лебеді,Ганс Христіан Андерсен,https://knigogo.com.ua/knigi/dyki-lebedi/
"Думи мої, думи мої",Тарас Шевченко,https://knigogo.com.ua/knigi/dumy-moyi-dumy-moyi/
Солом’яний бичок,No author,https://knigogo.com.ua/knigi/solom-yanyj-bychok/
Мишка,Богдан Лепкий,https://knigogo.com.ua/knigi/myshka/
Скорочено Камінний хрест,Василь Стефаник,https://knigogo.com.ua/knigi/skorocheno-kaminnyj-hrest/
По дорозі в Казку,Олександр Олесь,https://knigogo.com.ua/knigi/po-dorozi-v-kazku/
Останній з могікан,Джеймс Фенімор Купер,https://knigogo.com.ua/knigi/ostannij-z-mogikan/
Скорочено Мартин Боруля,Іван Карпенко-Карий,https://knigogo.com.ua/knigi/skorocheno-martyn-borulya/
Доля,Тарас Шевченко,https://knigogo.com.ua/knigi/dolya/
Лікар Айболить,Корній Чуковський,https://knigogo.com.ua/knigi/likar-ajbolyt/
У теплі дні збирання вин...,Максим Рильський,https://knigogo.com.ua/knigi/u-tepli-dni-zbyrannya-vynogradu/
Жар-птиця,Ірина Жиленко,https://knigogo.com.ua/knigi/zhar-ptytsya/
Нічна пісня подорожнього,Йоганн Вольфганг фон Гете,https://knigogo.com.ua/knigi/nichna-pisnya-podorozhnogo/
Скорочено Ревізор,Микола Гоголь,https://knigogo.com.ua/knigi/skorocheno-revizor/
Біла береза,Сергій Єсенін,https://knigogo.com.ua/knigi/bila-bereza/
Яйце-Райце,No author,https://knigogo.com.ua/knigi/yajtse-rajtse/
Бабка та Мурашка,Іван Крилов,https://knigogo.com.ua/knigi/babka-ta-murashka/
Скорочено Дон Кіхот (Пре...,Мігель де Сервантес,https://knigogo.com.ua/knigi/skorocheno-don-kihot/
Націоналізм,Дмитро Донцов,https://knigogo.com.ua/knigi/natsionalizm/
Щука,Леонід Глібов,https://knigogo.com.ua/knigi/shhuka/
Ой три шляхи широкії,Тарас Шевченко,https://knigogo.com.ua/knigi/oj-try-shlyahy-shyrokiyi/
Балада про мальви,Володимир Івасюк,https://knigogo.com.ua/knigi/balada-pro-malvy/
Вертатись пізно,Ігор Павлюк,https://knigogo.com.ua/knigi/vertatys-pizno/
Скорочено Я (Романтика),Микола Хвильовий,https://knigogo.com.ua/knigi/skorocheno-ya-romantyka/
Скорочено Intermezzo,Михайло Коцюбинський,https://knigogo.com.ua/knigi/skorocheno-intermezzo/
Декамерон,Джованні Боккаччо,https://knigogo.com.ua/knigi/dekameron/
Жди мене,Костянтин Симонов,https://knigogo.com.ua/knigi/zhdy-mene/
Скорочено Злочин і кара,Федір Достоєвський,https://knigogo.com.ua/knigi/skorocheno-zlochyn-i-kara/
Лихо з розуму (Горе з ро...,Олександр Грибоєдов,https://knigogo.com.ua/knigi/lyho-z-rozumu/
Свинопас,Ганс Христіан Андерсен,https://knigogo.com.ua/knigi/svynopas/
Скорочено Собор Паризько...,Віктор Гюго,https://knigogo.com.ua/knigi/skorocheno-sobor-paryzkoyi-bogomateri/
Бачиш: між трав зелених,Володимир Підпалий,https://knigogo.com.ua/knigi/bachysh-mizh-trav-zelenyh/
Скорочено Хазяїн,Іван Карпенко-Карий,https://knigogo.com.ua/knigi/skorocheno-hazyayin/
"Росли укупочці, зросли...",Тарас Шевченко,https://knigogo.com.ua/knigi/rosly-ukupochtsi-zrosly/
Федорине горе,Корній Чуковський,https://knigogo.com.ua/knigi/fedoryne-gore/
Скорочено Старий і море,Ернест Хемінгуей,https://knigogo.com.ua/knigi/skorocheno-staryj-i-more/
Мийдодір,Корній Чуковський,https://knigogo.com.ua/knigi/myjdodir/
Скорочено Мандри Гуллівера,Джонатан Свіфт,https://knigogo.com.ua/knigi/skorocheno-mandry-gullivera/
Fata Morgana,Михайло Коцюбинський,https://knigogo.com.ua/knigi/fata-morgana/
Тартюф,Жан Батист Мольєр,https://knigogo.com.ua/knigi/tartyuf/
Княжна Тараканова,Наталія Дзюбенко-Мейс,https://knigogo.com.ua/knigi/knyazhna-tarakanova/
Казка про царя Салтана,Олександр Пушкін,https://knigogo.com.ua/knigi/kazka-pro-tsarya-saltana/
Дикий ангел,Олексій Коломієць,https://knigogo.com.ua/knigi/dykyj-angel/
Зимова ніч,Борис Пастернак,https://knigogo.com.ua/knigi/zymova-nich/
Чудовий день для рибки-б...,Джером Девід Селінджер,https://knigogo.com.ua/knigi/chudovyj-den-dlya-rybky-bananky/
Пісня про собаку,Сергій Єсенін,https://knigogo.com.ua/knigi/pisnya-pro-sobaku/
Декамерон,Джованні Боккаччо,https://knigogo.com.ua/knigi/dekameron/
Всякому місту — звичай і...,Григорій Сковорода,https://knigogo.com.ua/knigi/vsyakomu-mistu-zvychaj-i-prava/
De Libertate,Григорій Сковорода,https://knigogo.com.ua/knigi/de-libertate/
Скорочено Модри Камень,Олесь Гончар,https://knigogo.com.ua/knigi/skorocheno-modry-kamen/
Чого являєшся мені…,Іван Франко,https://knigogo.com.ua/knigi/chogo-yavlyayeshsya-meni/
Дівчинка,Ігор Павлюк,https://knigogo.com.ua/knigi/divchynka/
Спляча красуня,Шарль Перро,https://knigogo.com.ua/knigi/splyacha-krasunya/
Євгеній Онєгін,Олександр Пушкін,https://knigogo.com.ua/knigi/yevgenij-onyegin/
Доля людини,Михайло Шолохов,https://knigogo.com.ua/knigi/dolya-lyudyny/
Принц і злидар,Марк Твен,https://knigogo.com.ua/knigi/prynts-i-zlydar/
Расмус-волоцюга,Астрід Ліндгрен,https://knigogo.com.ua/knigi/rasmus-volotsyuga/
Пам’яті тридцяти,Павло Тичина,https://knigogo.com.ua/knigi/pam-yati-trydtsyaty/
Запорожці у короля,Степан Руданський,https://knigogo.com.ua/knigi/zaporozhtsi-u-korolya/
На дорогу йду я в самотині,Михайло Лермонтов,https://knigogo.com.ua/knigi/na-dorogu-jdu-ya-v-samotyni/
Я не люблю,Володимир Висоцький,https://knigogo.com.ua/knigi/ya-ne-lyublyu/
Сага про Форсайтів,Джон Голсуорсі,https://knigogo.com.ua/knigi/saga-pro-forsajtiv/
Людина в футлярі,Антон Чехов,https://knigogo.com.ua/knigi/lyudyna-v-futlyari/
Альпійська балада,Василь Биков,https://knigogo.com.ua/knigi/alpijska-balada/
Ода радості,Фрідріх Шиллер,https://knigogo.com.ua/knigi/oda-radosti/
Що за птиця?,Леонід Глібов,https://knigogo.com.ua/knigi/shho-za-ptytsya/
Скорочено Собаче серце,Михайло Булгаков,https://knigogo.com.ua/knigi/skorocheno-sobache-sertse/
Місто Сонця,Томмазо Кампанелла,https://knigogo.com.ua/knigi/misto-sontsya/
Скорочено Дикі лебеді,Ганс Христіан Андерсен,https://knigogo.com.ua/knigi/skorocheno-dyki-lebedi/
Скорочено Ілля Муромець ...,No author,https://knigogo.com.ua/knigi/skorocheno-illya-muromets-i-solovej-rozbijnyk/
Пожар,Самуїл Маршак,https://knigogo.com.ua/knigi/pozhar/
Ти не любиш мене,Микола Вороний,https://knigogo.com.ua/knigi/ty-ne-lyubysh-mene/
Шельменко-денщик,Григорій Квітка-Основ’яненко,https://knigogo.com.ua/knigi/shelmenko-denshhyk/
Пісня про себе (збірка &...,Волт Вітмен,https://knigogo.com.ua/knigi/pisnya-pro-sebe/
Скорочено Мауглі,Редьярд Кіплінг,https://knigogo.com.ua/knigi/skorocheno-maugli/
Дума про братів Неазовських,Ліна Костенко,https://knigogo.com.ua/knigi/duma-pro-brativ-neazovskyh/
Пістрява стрічка,Артур Конан Дойл,https://knigogo.com.ua/knigi/pistryava-strichka/
Скорочено Джакомо Джойс,Джеймс Джойс,https://knigogo.com.ua/knigi/skorocheno-dzhakomo-dzhojs/
Скіфська одіссея,Ліна Костенко,https://knigogo.com.ua/knigi/skifska-odisseya/
Пріам у Ахілла,Гомер,https://knigogo.com.ua/knigi/priam-u-ahilla/
Берестечко,No author,https://knigogo.com.ua/knigi/berestechko/
Як Робін Гуд став розбій...,No author,https://knigogo.com.ua/knigi/yak-robin-gud-stav-rozbijnykom/
Чорнильне серце,Корнелія Функе,https://knigogo.com.ua/knigi/chornylne-sertse/
Я хочу на озеро Світязь,Ліна Костенко,https://knigogo.com.ua/knigi/ya-hochu-na-ozero-svityaz/
Сніг у Флоренції,Ліна Костенко,https://knigogo.com.ua/knigi/snig-u-florentsiyi/
Павутинка,Рюноске Акутагава,https://knigogo.com.ua/knigi/pavutynka/
Наталка-Полтавка,Іван Котляревський,https://knigogo.com.ua/knigi/natalka-poltavka/
Кайдашева сім’я,Іван Нечуй-Левицький,https://knigogo.com.ua/knigi/kajdasheva-simya/
Кобзар,Тарас Шевченко,https://knigogo.com.ua/knigi/kobzar/
Лісова пісня,Леся Українка,https://knigogo.com.ua/knigi/lisova-pisnya/
Конотопська відьма,Григорій Квітка-Основ’яненко,https://knigogo.com.ua/knigi/konotopska-vidma/
Сіроманець,Микола Вінграновський,https://knigogo.com.ua/knigi/siromanets/
Я (РОМАНТИКА),Микола Хвильовий,https://knigogo.com.ua/knigi/ya-romantyka/
Мойсей,Іван Франко,https://knigogo.com.ua/knigi/mojsej/
Чорна рада,Пантелеймон Куліш,https://knigogo.com.ua/knigi/chorna-rada/
Запах думки,Роберт Шеклі,https://knigogo.com.ua/knigi/zapah-dumky/
Сойчине крило,Іван Франко,https://knigogo.com.ua/knigi/sojchyne-krylo/
Дорогою ціною,Михайло Коцюбинський,https://knigogo.com.ua/knigi/dorogoyu-tsinoyu/
"Хіба ревуть воли, як ясл...",Панас Мирний,https://knigogo.com.ua/knigi/hiba-revut-voly-yak-yasla-povni/
Машина для здійснення ба...,Пауль Маар,https://knigogo.com.ua/knigi/mashyna-dlya-zdijsnennya-bazhan/
Давня казка,Леся Українка,https://knigogo.com.ua/knigi/davnya-kazka/
Украдене щастя,Іван Франко,https://knigogo.com.ua/knigi/ukradene-shhastya/
Неймовірні пригоди Івана...,Олександр Гаврош,https://knigogo.com.ua/knigi/nejmovirni-prygody-ivana-syly/
Сватання на Гончарівці,Григорій Квітка-Основ’яненко,https://knigogo.com.ua/knigi/svatannya-na-goncharivtsi/
Байки,Леонід Глібов,https://knigogo.com.ua/knigi/bajky/
Таємниця козацької шаблі,Зірка Мензатюк,https://knigogo.com.ua/knigi/tayemnytsya-kozatskoyi-shabli/
Хамелеон,Антон Чехов,https://knigogo.com.ua/knigi/hameleon/
Летючий корабель,No author,https://knigogo.com.ua/knigi/letyuchyj-korabel/
"Мені однаково, чи буду",Тарас Шевченко,https://knigogo.com.ua/knigi/meni-odnakovo-chy-budu/
Момент,Володимир Винниченко,https://knigogo.com.ua/knigi/moment/
"Ні, мамо, не можна нелюб...",Євген Гребінка,https://knigogo.com.ua/knigi/ni-mamo-ne-mozhna-nelyuba-lyubyt/
Скорочено Чорна рада,Пантелеймон Куліш,https://knigogo.com.ua/knigi/skorocheno-chorna-rada/
Мрії,Леся Українка,https://knigogo.com.ua/knigi/mriyi/
Скорочено Сто тисяч,Іван Карпенко-Карий,https://knigogo.com.ua/knigi/skorocheno-sto-tysyach/
Засвіт встали козаченьки,Маруся Чурай,https://knigogo.com.ua/knigi/zasvit-vstaly-kozachenky/
Так казав Заратустра,Фрідріх Ніцше,https://knigogo.com.ua/knigi/tak-kazav-zaratustra/
Скорочено Майстер корабля,Юрій Яновський,https://knigogo.com.ua/knigi/skorocheno-majster-korablya/
Коли до вас темної ночі,Галина Кирпа,https://knigogo.com.ua/knigi/koly-do-vas-temnoyi-nochi/
Неймовірні детективи (зб...,Всеволод Нестайко,https://knigogo.com.ua/knigi/nejmovirni-detektyvy-zbirka/
Крук і лисиця,Езоп,https://knigogo.com.ua/knigi/kruk-i-lysytsya/
Лебеді материнства,Василь Симоненко,https://knigogo.com.ua/knigi/lebedi-materynstva/
"Мріє, не зрадь!",Леся Українка,https://knigogo.com.ua/knigi/mriye-ne-zrad/
Казка про мертву царівну...,Олександр Пушкін,https://knigogo.com.ua/knigi/kazka-pro-mertvu-tsarivnu/
Пігмаліон,Джордж Бернард Шоу,https://knigogo.com.ua/knigi/pigmalion/
Пригоди бравого вояка Шв...,Ярослав Гашек,https://knigogo.com.ua/knigi/prygody-bravogo-voyaka-shvejka/
Собор Паризької Богоматері,Віктор Гюго,https://knigogo.com.ua/knigi/sobor-paryzkoyi-bogomateri/
"Роберт Брюс, король Шотл...",Леся Українка,https://knigogo.com.ua/knigi/robert-bryus-korol-shotlandskyj/
Ой діброво – темний гаю,Тарас Шевченко,https://knigogo.com.ua/knigi/oj-dibrovo-temnyj-gayu/
І все-таки до тебе думка...,Леся Українка,https://knigogo.com.ua/knigi/i-vse-taky-do-tebe-dumka-lyne/
Скорочено Гуси-лебеді ле...,Михайло Стельмах,https://knigogo.com.ua/knigi/skorocheno-gusy-lebedi-letyat/
Приблуда,Степан Васильович Васильченко,https://knigogo.com.ua/knigi/prybluda/
Бували войни й військові...,Тарас Шевченко,https://knigogo.com.ua/knigi/buvaly-vojny-j-vijskoviyi-svary/
Муза,Тарас Шевченко,https://knigogo.com.ua/knigi/muza-shevchenko/
Якби мені черевики,Тарас Шевченко,https://knigogo.com.ua/knigi/yakby-meni-cherevyky/
Торт у небі,Джанні Родарі,https://knigogo.com.ua/knigi/tort-u-nebi/
Сафо,Леся Українка,https://knigogo.com.ua/knigi/safo/
"Мені здається, я не знаю",Тарас Шевченко,https://knigogo.com.ua/knigi/meni-zdayetsya-ya-ne-znayu/
"Огні горять, музика грає",Тарас Шевченко,https://knigogo.com.ua/knigi/ogni-goryat-muzyka-graye/
Скорочено Дивак,Григір Тютюнник,https://knigogo.com.ua/knigi/skorocheno-dyvak/
Слава,Тарас Шевченко,https://knigogo.com.ua/knigi/slava/
"І Архімед, і Галілей",Тарас Шевченко,https://knigogo.com.ua/knigi/i-arhimed-i-galilej/
"Ой маю, маю я оченята",Тарас Шевченко,https://knigogo.com.ua/knigi/oj-mayu-mayu-ya-ochenyata/
"О люди, люди небораки",Тарас Шевченко,https://knigogo.com.ua/knigi/o-lyudy-lyudy-neboraky/
Закувала зозуленька,Тарас Шевченко,https://knigogo.com.ua/knigi/zakuvala-zozulenka/
Якось-то йдучи уночі,Тарас Шевченко,https://knigogo.com.ua/knigi/yakos-to-jduchy-unochi/
Манфред,Джордж Гордон Байрон,https://knigogo.com.ua/knigi/manfred/
Непохитний олов’ян...,Ганс Христіан Андерсен,https://knigogo.com.ua/knigi/nepohytnyj-olovyanyj-soldatyk/
Очі чорні,Євген Гребінка,https://knigogo.com.ua/knigi/ochi-chorni/
Ревізор,Микола Гоголь,https://knigogo.com.ua/knigi/revizor-gogol/
Рибалка,Петро Гулак-Артемовський,https://knigogo.com.ua/knigi/rybalka/
Полковникові ніхто не пише,Габріель Гарсіа Маркес,https://knigogo.com.ua/knigi/polkovnykovi-nihto-ne-pyshe/
Три сестри,Антон Чехов,https://knigogo.com.ua/knigi/try-sestry/
Горбоконик,Петро Єршов,https://knigogo.com.ua/knigi/gorbokonyk/
Мені тринадцятий минало,Тарас Шевченко,https://knigogo.com.ua/knigi/meni-trynadtsyatyj-mynalo/
Саламбо,Гюстав Флобер,https://knigogo.com.ua/knigi/salambo/
Іма Сумак,Ліна Костенко,https://knigogo.com.ua/knigi/ima-sumak/
Чайка на крижині,Ліна Костенко,https://knigogo.com.ua/knigi/chajka-na-kryzhyni/
Одчиняйте двері,Павло Тичина,https://knigogo.com.ua/knigi/odchynyajte-dveri/
Муха-Цокотуха,Корній Чуковський,https://knigogo.com.ua/knigi/muha-tsokotuha/
Гранатовий браслет,Олександр Купрін,https://knigogo.com.ua/knigi/granatovyj-braslet/
Казки дядечка Рімуса,Джоель Чандлер Гарріс,https://knigogo.com.ua/knigi/kazky-dyadechka-rimusa/
Забула внучка в баби чер...,Станіслав Чернілевський,https://knigogo.com.ua/knigi/zabula-vnuchka-v-baby-cherevychky/
Прометей закутий,Есхіл,https://knigogo.com.ua/knigi/prometej-zakutyj/
Гаргантюа і Пантагрюель,Франсуа Рабле,https://knigogo.com.ua/knigi/gargantyua-i-pantagryuel/
Балада про схід і захід,Редьярд Кіплінг,https://knigogo.com.ua/knigi/balada-pro-shid-i-zahid/
Квіти зла,Шарль Бодлер,https://knigogo.com.ua/knigi/kvity-zla/
